Images/image_0001.jpg, red, 2
Images/image_0001.jpg, green, 6
Images/image_0001.jpg, blue, 3
Images/image_0002.jpg, red, 2
Images/image_0002.jpg, green, 6
Images/image_0002.jpg, blue, 3
Images/image_0003.jpg, red, 0
Images/image_0003.jpg, green, 9
Images/image_0003.jpg, blue, 2
Images/image_0004.jpg, red, 1
Images/image_0004.jpg, green, 8
Images/image_0004.jpg, blue, 2
Images/image_0005.jpg, red, 1
Images/image_0005.jpg, green, 8
Images/image_0005.jpg, blue, 2
Images/image_0006.jpg, red, 2
Images/image_0006.jpg, green, 7
Images/image_0006.jpg, blue, 2
Images/image_0007.jpg, red, 2
Images/image_0007.jpg, green, 6
Images/image_0007.jpg, blue, 3
Images/image_0008.jpg, red, 3
Images/image_0008.jpg, green, 4
Images/image_0008.jpg, blue, 4
Images/image_0009.jpg, red, 3
Images/image_0009.jpg, green, 5
Images/image_0009.jpg, blue, 3
Images/image_0010.jpg, red, 4
Images/image_0010.jpg, green, 4
Images/image_0010.jpg, blue, 3
Images/image_0011.jpg, red, 5
Images/image_0011.jpg, green, 4
Images/image_0011.jpg, blue, 2
Images/image_0012.jpg, red, 5
Images/image_0012.jpg, green, 4
Images/image_0012.jpg, blue, 2
Images/image_0013.jpg, red, 6
Images/image_0013.jpg, green, 4
Images/image_0013.jpg, blue, 1
Images/image_0014.jpg, red, 6
Images/image_0014.jpg, green, 3
Images/image_0014.jpg, blue, 2
Images/image_0015.jpg, red, 6
Images/image_0015.jpg, green, 2
Images/image_0015.jpg, blue, 3
Images/image_0016.jpg, red, 6
Images/image_0016.jpg, green, 1
Images/image_0016.jpg, blue, 4
Images/image_0017.jpg, red, 5
Images/image_0017.jpg, green, 1
Images/image_0017.jpg, blue, 4
Images/image_0018.jpg, red, 3
Images/image_0018.jpg, green, 2
Images/image_0018.jpg, blue, 6
Images/image_0019.jpg, red, 3
Images/image_0019.jpg, green, 2
Images/image_0019.jpg, blue, 6
Images/image_0020.jpg, red, 2
Images/image_0020.jpg, green, 3
Images/image_0020.jpg, blue, 6
Images/image_0021.jpg, red, 0
Images/image_0021.jpg, green, 5
Images/image_0021.jpg, blue, 6
Images/image_0022.jpg, red, 1
Images/image_0022.jpg, green, 5
Images/image_0022.jpg, blue, 5
Images/image_0023.jpg, red, 2
Images/image_0023.jpg, green, 5
Images/image_0023.jpg, blue, 4
Images/image_0024.jpg, red, 3
Images/image_0024.jpg, green, 5
Images/image_0024.jpg, blue, 3
Images/image_0025.jpg, red, 3
Images/image_0025.jpg, green, 6
Images/image_0025.jpg, blue, 2
Images/image_0026.jpg, red, 3
Images/image_0026.jpg, green, 5
Images/image_0026.jpg, blue, 3
Images/image_0027.jpg, red, 2
Images/image_0027.jpg, green, 5
Images/image_0027.jpg, blue, 4
Images/image_0028.jpg, red, 1
Images/image_0028.jpg, green, 6
Images/image_0028.jpg, blue, 4
Images/image_0029.jpg, red, 0
Images/image_0029.jpg, green, 6
Images/image_0029.jpg, blue, 5
Images/image_0030.jpg, red, 1
Images/image_0030.jpg, green, 5
Images/image_0030.jpg, blue, 5
Images/image_0031.jpg, red, 2
Images/image_0031.jpg, green, 5
Images/image_0031.jpg, blue, 4
Images/image_0032.jpg, red, 4
Images/image_0032.jpg, green, 3
Images/image_0032.jpg, blue, 4
Images/image_0033.jpg, red, 5
Images/image_0033.jpg, green, 2
Images/image_0033.jpg, blue, 4
Images/image_0034.jpg, red, 5
Images/image_0034.jpg, green, 3
Images/image_0034.jpg, blue, 3
Images/image_0035.jpg, red, 6
Images/image_0035.jpg, green, 3
Images/image_0035.jpg, blue, 2
Images/image_0036.jpg, red, 6
Images/image_0036.jpg, green, 2
Images/image_0036.jpg, blue, 3
Images/image_0037.jpg, red, 4
Images/image_0037.jpg, green, 5
Images/image_0037.jpg, blue, 2
Images/image_0038.jpg, red, 4
Images/image_0038.jpg, green, 5
Images/image_0038.jpg, blue, 2
Images/image_0039.jpg, red, 4
Images/image_0039.jpg, green, 5
Images/image_0039.jpg, blue, 2
Images/image_0040.jpg, red, 2
Images/image_0040.jpg, green, 8
Images/image_0040.jpg, blue, 1
Images/image_0041.jpg, red, 2
Images/image_0041.jpg, green, 8
Images/image_0041.jpg, blue, 1
Images/image_0042.jpg, red, 3
Images/image_0042.jpg, green, 6
Images/image_0042.jpg, blue, 2
Images/image_0043.jpg, red, 3
Images/image_0043.jpg, green, 6
Images/image_0043.jpg, blue, 2
Images/image_0044.jpg, red, 4
Images/image_0044.jpg, green, 4
Images/image_0044.jpg, blue, 3
Images/image_0045.jpg, red, 3
Images/image_0045.jpg, green, 2
Images/image_0045.jpg, blue, 6
Images/image_0046.jpg, red, 3
Images/image_0046.jpg, green, 2
Images/image_0046.jpg, blue, 6
Images/image_0047.jpg, red, 2
Images/image_0047.jpg, green, 1
Images/image_0047.jpg, blue, 8
Images/image_0048.jpg, red, 2
Images/image_0048.jpg, green, 2
Images/image_0048.jpg, blue, 7
Images/image_0049.jpg, red, 1
Images/image_0049.jpg, green, 3
Images/image_0049.jpg, blue, 7
Images/image_0050.jpg, red, 1
Images/image_0050.jpg, green, 4
Images/image_0050.jpg, blue, 5
Images/image_0051.jpg, red, 0
Images/image_0051.jpg, green, 5
Images/image_0051.jpg, blue, 6
Images/image_0052.jpg, red, 0
Images/image_0052.jpg, green, 6
Images/image_0052.jpg, blue, 5
Images/image_0053.jpg, red, 1
Images/image_0053.jpg, green, 5
Images/image_0053.jpg, blue, 5
Images/image_0054.jpg, red, 3
Images/image_0054.jpg, green, 3
Images/image_0054.jpg, blue, 5
Images/image_0055.jpg, red, 3
Images/image_0055.jpg, green, 3
Images/image_0055.jpg, blue, 5
Images/image_0056.jpg, red, 3
Images/image_0056.jpg, green, 3
Images/image_0056.jpg, blue, 5
Images/image_0057.jpg, red, 3
Images/image_0057.jpg, green, 3
Images/image_0057.jpg, blue, 5
Images/image_0058.jpg, red, 3
Images/image_0058.jpg, green, 4
Images/image_0058.jpg, blue, 4
Images/image_0059.jpg, red, 2
Images/image_0059.jpg, green, 5
Images/image_0059.jpg, blue, 4
